code,total_labor_equipment
1.1.1.1,127600.0
1.1.1.2,67225.0
1.1.1.3,82885.0
1.1.1.4,53000.0
1.1.1.5,10900.0
1.1.1.6,59635.0
1.1.2.1,500000.0
1.1.2.2,216250.0
1.1.2.3,707500.0
1.1.2.4,209000.0
1.1.2.5,789912.38
1.1.3.1,11000.0
1.1.3.10,87890.0
1.1.3.11,136350.0
1.1.3.12,198390.0
1.1.3.13,45090.0
1.1.3.14,71950.0
1.1.3.15,102990.0
1.1.3.16,161550.0
1.1.3.17,247200.0
1.1.3.2,3600.0
1.1.3.3,6000.0
1.1.3.4,20310.0
1.1.3.5,20190.0
1.1.3.6,44400.0
1.1.3.7,57000.0
1.1.3.8,44150.0
1.1.3.9,62110.00000000001
1.1.4.1,1418750.0
1.1.4.2,2865.0
1.1.4.3,1910.0
1.1.4.4,2865.0
1.1.4.5,0.0
1.1.4.6,0.0
1.2.1.1.1,82600.0
1.2.1.1.2,67560.0
1.2.1.1.3,48000.0
1.2.1.1.4,99000.0
1.2.1.1.5,81000.0
1.2.1.1.6,118400.0
1.2.1.1.7,91200.0
1.2.1.1.8,9000.0
1.2.1.2.1,119700.0
1.2.1.2.2,130660.0
1.2.1.2.3,145000.0
1.2.1.2.4,15900.0
1.2.2.1.1,79200.0
1.2.2.1.2,81600.0
1.2.2.1.3,110400.0
1.2.2.1.4,12000.0
1.2.2.2.1,41200.0
1.2.2.2.2,47200.0
1.2.2.2.3,53760.0
1.2.2.2.4,7960.0
1.2.3.1.1,137802.0
1.2.3.1.2,180000.0
1.2.3.1.3,198000.0
1.2.3.1.4,16800.0
1.2.3.2.1,210160.0
1.2.3.2.2,229100.0
1.2.3.2.3,253680.0
1.2.3.2.4,28300.0
1.2.4.1.1,165000.0
1.2.4.1.2,127500.0
1.2.4.1.3,162000.0
1.2.4.1.4,167040.0
1.2.4.1.5,180000.0
1.2.4.1.6,12000.0
1.2.4.2.1,172120.0
1.2.4.2.2,187670.0
1.2.4.2.3,208040.00000000003
1.2.4.2.4,21200.0
1.2.5.1.1,132000.0
1.2.5.1.2,99600.0
1.2.5.1.3,158400.0
1.2.5.1.4,120000.0
1.2.5.1.5,138000.0
1.2.5.1.6,18000.0
1.2.5.2.1,35300.0
1.2.5.2.2,58400.0
1.2.5.2.3,47100.0
1.2.5.2.4,5000.0
1.3.1.1,55000.0
1.3.1.2,33000.0
1.3.1.3,7800.0
1.3.1.4,12000.0
1.3.1.5,15000.0
1.3.1.6,33000.0
1.3.1.7,33000.0
1.3.2.1,55000.0
1.3.2.2,27600.0
1.3.3.1,22330.0
1.3.3.2,20090.0
1.3.3.3,5673.0
1.3.3.4,3115.0
1.3.3.5,53090.0
1.3.3.6,64090.0
1.4.1.1,23140.0
1.4.1.10,120300.00000000001
1.4.1.11,151530.0
1.4.1.12,30240.000000000004
1.4.1.2,24780.0
1.4.1.3,27230.0
1.4.1.4,27550.0
1.4.1.5,29940.0
1.4.1.6,37840.0
1.4.1.7,53270.0
1.4.1.8,71630.0
1.4.1.9,93210.0
1.4.2.1,130856.0
1.4.2.2,144325.0
1.4.2.3,157800.75
1.4.2.4,171269.75
1.4.2.5,145707.55
1.5.1,1837.5
1.5.2,741.0
1.5.3,2464.0
1.5.4,880.8999999999999
1.5.5,3850.0
1.5.6,1140.2
1.5.7,1581.873
1.5.8,1960.3999999999999
1.6.1,132885.0
1.6.10,1689235.05
1.6.11,1536417.2
1.6.12,15637.6
1.6.13,31278.4
1.6.2,136450.0
1.6.3,131900.0
1.6.4,398800.0
1.6.5,139000.0
1.6.6,159000.0
1.6.7,36305.0
1.6.8,23250.0
1.6.9,12640.0
10.1.1,571549.5625
10.1.2,503560.5625
10.1.3,276209.5625
10.1.4,11580.0
10.1.5,11580.0
10.1.6,11580.0
10.1.7,0.0
10.1.8,0.0
10.1.9,0.0
10.2.1,138300.0
10.2.2,0.0
10.3.1,1133000.0
10.3.2,1205000.0
2.1.1.1,197405.0
2.1.1.2,204658.0
2.1.1.3,8791.0
2.1.1.4,2992.0
2.1.2.1,2430000.0
2.1.2.2,4070250.0
2.1.2.3,1458000.0
2.1.2.4,26910.0
2.1.2.5,26910.0
2.1.2.6,32300.0
2.2.1.1.1,1977.5
2.2.1.1.1a,1977.5
2.2.1.1.2,491.0
2.2.1.1.2a,513.0
2.2.1.1.3,452.0
2.2.1.1.3a,452.0
2.2.1.1.4,66452.0
2.2.1.1.4a,66540.0
2.2.1.1.5,706.25
2.2.1.1.6,189.5
2.2.1.1.7,53.7
2.2.1.1.8,25.2
2.2.1.1.9,1158.725
2.2.1.10.1,28150.0
2.2.1.10.2,46405.0
2.2.1.11.1,130336.0
2.2.1.11.2,21167.09
2.2.1.2.1,11075.0
2.2.1.2.2,12975.000000000002
2.2.1.2.3,16100.0
2.2.1.3.1,96050.0
2.2.1.3.10,7200.0
2.2.1.3.2,96050.0
2.2.1.3.3,121825.0
2.2.1.3.4,121825.0
2.2.1.3.5,121825.0
2.2.1.3.6,121825.0
2.2.1.3.7,121825.0
2.2.1.3.8,23525.0
2.2.1.3.9,4800.0
2.2.1.4.1,211575.0
2.2.1.4.2,211575.0
2.2.1.4.3,211575.0
2.2.1.4.4,211575.0
2.2.1.4.5,211575.0
2.2.1.4.6,211575.0
2.2.1.5.1,204875.0
2.2.1.5.10,204875.0
2.2.1.5.11,204875.0
2.2.1.5.2,204875.0
2.2.1.5.3,204875.0
2.2.1.5.4,204875.0
2.2.1.5.5,204875.0
2.2.1.5.6,204875.0
2.2.1.5.7,204875.0
2.2.1.5.8,204875.0
2.2.1.5.9,204875.0
2.2.1.6.1,64250.0
2.2.1.7.1,60450.00000000001
2.2.1.7.2,128799.99999999999
2.2.1.7.3,856800.0000000001
2.2.1.7.4,770400.0
2.2.1.7.5,672000.0
2.2.1.7.6,659200.0
2.2.1.8.1,24000.0
2.2.1.8.2,73600.0
2.2.1.9.1,880.0
2.2.1.9.2,2200.0
2.2.1.9.3,2200.0
2.2.2.1.1,143975.0
2.2.2.1.10,252500.0
2.2.2.1.2,252500.0
2.2.2.1.3,205790.0
2.2.2.1.4,252500.0
2.2.2.1.5,205790.0
2.2.2.1.6,252500.0
2.2.2.1.7,205790.0
2.2.2.1.8,252500.0
2.2.2.1.9,205790.0
2.2.2.2.1,194902.0
2.2.2.2.11,205790.0
2.2.2.2.2,187945.0
2.2.2.2.3,164551.0
2.2.2.2.4,200168.0
2.2.2.2.5,171713.5
2.2.2.2.6,387980.0
2.2.2.3.1,16266.5
2.2.2.3.10,88031.5
2.2.2.3.11,393048.0
2.2.2.3.12,589706.0
2.2.2.3.13,92616.0
2.2.2.3.14,152431.0
2.2.2.3.15,1016648.5
2.2.2.3.16,1524931.0
2.2.2.3.17,185021.86
2.2.2.3.18,203424.97999999998
2.2.2.3.19,222209.05
2.2.2.3.2,18016.5
2.2.2.3.20,276347.75
2.2.2.3.3,119882.0
2.2.2.3.4,180016.5
2.2.2.3.5,19239.0
2.2.2.3.6,44700.0
2.2.2.3.7,270000.0
2.2.2.3.8,404930.5
2.2.2.3.9,42120.0
2.2.2.4.1,42632.0
2.2.2.4.10,47227.5
2.2.2.4.11,47973.5
2.2.2.4.12,56577.5
2.2.2.4.13,62565.5
2.2.2.4.14,63401.0
2.2.2.4.15,64694.0
2.2.2.4.16,5387.3125
2.2.2.4.17,3803.375
2.2.2.4.18,3217.5
2.2.2.4.19,2581.9999999999995
2.2.2.4.2,46740.0
2.2.2.4.3,44691.0
2.2.2.4.4,50868.0
2.2.2.4.5,54608.0
2.2.2.4.6,55553.0
2.2.2.4.7,61322.0
2.2.2.4.8,67310.0
2.2.2.4.9,68076.0
2.2.2.5.1,57367.6
2.2.2.5.2,72801.2
2.2.2.5.3,94934.4
2.2.2.5.4,102374.0
2.2.2.5.5,126123.4
2.2.2.5.6,136788.4
2.3.1.1,9588.125
2.3.1.2,10353.875
2.3.1.3,10330.5
2.3.1.4,9371.5625
2.3.1.5,9371.5625
2.3.1.6,7714.5
2.4.1.1,13720.0
2.4.1.2,6810.0
2.4.1.3,6810.0
2.4.1.4,39640.0
2.4.2.1,8460.0
2.4.2.2,13975.0
2.4.2.3,11130.0
2.4.3.1,68490.0
2.4.3.2,70875.0
2.4.3.3,62650.0
2.4.4.1,71790.1
2.4.4.2,71790.1
2.4.4.3,71790.1
2.4.5.1,283579.30000000005
2.4.5.2,257972.23333333334
2.4.5.3,283289.63333333336
2.4.5.4,257972.23333333334
2.4.5.5,351581.3666666667
2.4.5.6,71165.0
2.4.5.7,71690.0
2.4.6.1,16940.0
2.4.6.2,21285.0
2.4.6.3,25310.0
2.4.6.4,31645.0
2.5.1,66767.6
2.6.2.1,30997.5
2.6.2.2,152185.5
2.6.2.3,20670.0
2.7.1,1200.0
2.7.10,106022.5
2.7.11,163548.0
2.7.12,163548.0
2.7.13,60600.0
2.7.14,60600.0
2.7.15,118105.5
2.7.16,118105.5
2.7.2,1200.0
2.7.3,18000.0
2.7.4,57375.0
2.7.5,131266.5
2.7.6,131266.5
2.7.7,200192.0
2.7.8,200192.0
2.7.9,106022.5
3.1.1.1,27687.5
3.1.1.2,27687.5
3.1.1.3,27687.5
3.1.1.4,36910.0
3.1.1.5,73840.0
3.1.1.6,73840.0
3.1.1.7,73840.0
3.1.1.8,73840.0
3.1.2.1,26687.5
3.1.2.10,25835.000000000004
3.1.2.11,25835.000000000004
3.1.2.12,25835.000000000004
3.1.2.13,25835.000000000004
3.1.2.14,25835.000000000004
3.1.2.15,29552.5
3.1.2.16,29552.5
3.1.2.17,29552.5
3.1.2.18,29552.5
3.1.2.19,29552.5
3.1.2.2,26687.5
3.1.2.20,29552.5
3.1.2.21,29552.5
3.1.2.22,29552.5
3.1.2.23,29552.5
3.1.2.3,25835.000000000004
3.1.2.4,25835.000000000004
3.1.2.5,25835.000000000004
3.1.2.6,25835.000000000004
3.1.2.7,25835.000000000004
3.1.2.8,25835.000000000004
3.1.2.9,25835.000000000004
3.1.3.1,22150.0
3.1.3.10,26835.0
3.1.3.11,179160.0
3.1.3.12,54785.0
3.1.3.13,54785.0
3.1.3.14,50375.0
3.1.3.2,141875.0
3.1.3.3,58885.0
3.1.3.4,25327.5
3.1.3.5,36910.0
3.1.3.6,70750.0
3.1.3.7,24614.0
3.1.3.8,14760.0
3.1.3.9.1,46850.0
3.10.1.1,123046.0
3.10.1.2,167750.0
3.10.1.3,92225.0
3.10.1.4,73900.0
3.10.2.1,184590.0
3.10.2.2,166125.0
3.10.2.3,73900.0
3.10.2.4,184590.0
3.10.2.5,166125.0
3.10.2.6,73900.0
3.10.3.1,184590.0
3.10.3.2,166125.0
3.10.3.3,46152.5
3.10.4.1,184650.0
3.10.4.2,129275.0
3.10.4.3,129275.0
3.10.5.1,64725.0
3.10.5.2,91125.0
3.10.5.3,364500.0
3.10.5.4,37875.0
3.10.5.5,18525.0
3.10.5.6,284650.0
3.10.5.7,284650.0
3.10.6.1,33700.0
3.10.6.2,86125.0
3.10.6.3,37505.0
3.11.1.1,24822.4375
3.11.1.10,607500.0
3.11.1.11,607500.0
3.11.1.12,425250.0
3.11.1.13,478000.0
3.11.1.14,738340.0
3.11.1.15,282625.0
3.11.1.16,423937.5
3.11.1.17,607500.0
3.11.1.18,45016.5
3.11.1.19,45016.5
3.11.1.2,18465.0
3.11.1.3,14700.0
3.11.1.4,23000.0
3.11.1.5,23000.0
3.11.1.6,23000.0
3.11.1.7,109867.0
3.11.1.8,212625.0
3.11.1.9,109867.0
3.11.2.1,53900.0
3.11.2.2,53900.0
3.11.2.3,71865.0
3.11.2.4,22335.0
3.11.3.1,11435.0
3.11.3.2,52753.0
3.11.3.3,52753.0
3.11.3.4,52753.0
3.11.3.5,52753.0
3.11.3.6,405340.0
3.11.3.7,15170.0
3.11.3.8,15170.0
3.11.4.1,107500.0
3.11.4.10,107500.0
3.11.4.11,94215.0
3.11.4.12,29902.0
3.11.4.13,60498.375
3.11.4.13.1,42724.0
3.11.4.14,35840.0
3.11.4.15,17910.0
3.11.4.16,43840.0
3.11.4.17,26875.0
3.11.4.18,26875.0
3.11.4.19,43385.0
3.11.4.2,85650.0
3.11.4.20,26875.0
3.11.4.21,40312.5
3.11.4.22,9720.0
3.11.4.3,85150.0
3.11.4.4,85150.0
3.11.4.5,26875.0
3.11.4.6,87660.0
3.11.4.7,89650.0
3.11.4.8,89650.0
3.11.4.9,17850.0
3.12.1,143340.0
3.12.10,32875.0
3.12.11,46200.0
3.12.12,60700.0
3.12.13,36910.0
3.12.14,60700.0
3.12.2,26875.0
3.12.3,26875.0
3.12.4,28660.0
3.12.5,30465.0
3.12.6,44785.0
3.12.7,26875.0
3.12.8,30465.0
3.12.9,26875.0
3.13.1,11567.5
3.13.2,11567.5
3.13.3,4389.25
3.13.4,84163.75
3.13.5,37066.25
3.13.6,184590.0
3.14.1,109867.0
3.14.2,109867.0
3.15.1,61557.5
3.16.1.1,369686.6666666667
3.16.1.2,691100.0
3.16.2,73840.0
3.16.2.1,26910.0
3.16.3,9690.0
3.16.4,12045.0
3.16.5,21638.25
3.16.6,13525.0
3.16.7,13525.0
3.18.1.1,184590.0
3.18.2.1,53750.0
3.18.2.2,89590.0
3.18.3.1,253000.0
3.18.3.2,134590.0
3.18.3.3,18465.0
3.18.4.1,269160.0
3.18.4.2,219160.0
3.18.5.1,1061250.0
3.18.5.2,1107500.0
3.18.5.3,238040.5
3.18.5.4,238085.0
3.18.5.5,1111250.0
3.18.5.6,134375.0
3.18.6.1,17910.0
3.18.6.2.1,68660.0
3.18.6.3,68660.0
3.18.6.4,17910.0
3.18.6.5,17910.0
3.18.6.6,17910.0
3.18.6.7,17910.0
3.18.6.8,17910.0
3.18.6.9,68660.0
3.2.1,14760.0
3.2.1.1,32300.0
3.2.2,23465.0
3.2.3,18465.0
3.3.1,53840.0
3.3.2,65750.0
3.3.3,43840.0
3.3.4,43840.0
3.3.5,43840.0
3.3.6,43840.0
3.4.1,13525.0
3.4.2,26910.0
3.4.3,26910.0
3.4.4,26910.0
3.5.1.2,32300.0
3.5.1.3,26910.0
3.5.1.4,134590.0
3.5.2.1,18465.0
3.5.2.2,14835.000000000002
3.5.2.3.1,26910.0
3.5.2.3.2,26910.0
3.5.2.3.3,26910.0
3.5.2.4,215340.0
3.5.2.5,6722.5
3.5.2.6,6722.5
3.5.2.7,26910.0
3.5.3.1,94215.0
3.5.3.2,65750.0
3.5.3.3,70750.0
3.6.1.1,73840.0
3.6.1.10,36910.0
3.6.1.2,73840.0
3.6.1.3,73840.0
3.6.1.4,73840.0
3.6.1.5,73840.0
3.6.1.6,36910.0
3.6.1.7,36910.0
3.6.1.8,36910.0
3.6.1.9,36910.0
3.6.2.1,30761.0
3.6.2.2,36910.0
3.6.2.3,30761.0
3.6.2.4,30761.0
3.6.2.5,30761.0
3.6.2.6,30761.0
3.6.3.1,36910.0
3.6.3.2,36910.0
3.6.3.3,55375.0
3.6.3.4,36910.0
3.6.3.5,36910.0
3.6.4.1,61622.0
3.6.4.1,61622.0
3.6.4.1.A,30761.0
3.6.4.1.B,30761.0
3.6.4.1.C,30761.0
3.6.4.1.D,30761.0
3.6.4.2,61622.0
3.6.4.2,61622.0
3.6.4.2A,30761.0
3.6.4.2B,30761.0
3.6.4.2C,30761.0
3.6.4.2D,30761.0
3.6.4.3,46152.5
3.6.5.1,33553.0
3.6.5.2,30761.0
3.6.6.1,36850.0
3.7.1,36910.0
3.7.10,48089.5
3.7.11,36850.0
3.7.12,36850.0
3.7.13,24640.0
3.7.14,29060.0
3.7.15,21850.0
3.7.16,26910.0
3.7.2,36910.0
3.7.3,36910.0
3.7.4,36910.0
3.7.5,36910.0
3.7.6,36910.0
3.7.7,30747.5
3.7.8,36910.0
3.7.9,46152.5
3.8.1,16500.0
3.8.10.1,17954.0
3.8.10.2,20708.0
3.8.11.1,13465.0
3.8.11.2,13465.0
3.8.12,15169.1
3.8.13,4852.5
3.8.14,53840.0
3.8.15,175340.0
3.8.16,35840.0
3.8.17,63062.5
3.8.18,67285.0
3.8.19,16150.0
3.8.2,16500.0
3.8.20.1,16835.0
3.8.20.2,16835.0
3.8.21,53840.0
3.8.22,223000.0
3.8.3,16500.0
3.8.4,8522.5
3.8.5,24762.5
3.8.6,14657.5
3.8.7,14150.0
3.8.8,11000.0
3.8.9,43060.0
3.9.1,24614.0
3.9.1.2,26365.5
3.9.1.3,28398.0
3.9.1.4,39091.0
3.9.1.5,10564.5
3.9.1.6,11531.0
3.9.1.7,12296.0
3.9.1.8,13186.5
3.9.2.1,24614.0
3.9.2.2,26365.5
3.9.2.3,28398.0
3.9.2.4,39091.0
3.9.2.5,10564.5
3.9.2.6,11531.0
3.9.2.7,12296.0
3.9.2.8,13186.5
3.9.3.1,26365.5
3.9.3.2,28398.0
3.9.3.3,66450.0
3.9.3.4,11531.0
3.9.3.5,12296.0
3.9.4.1,26365.5
3.9.4.10,11531.0
3.9.4.11,12296.0
3.9.4.12,13186.5
3.9.4.2,28398.0
3.9.4.3,39091.0
3.9.4.4,11531.0
3.9.4.5,12296.0
3.9.4.6,13186.5
3.9.4.7,26365.5
3.9.4.8,28398.0
3.9.4.9,39091.0
3.9.5.1,26365.5
3.9.5.2,28398.0
3.9.5.3,39091.0
3.9.5.4,11531.0
3.9.5.5,12296.0
3.9.5.6,13186.5
3.9.6.1,26365.5
3.9.6.2,28398.0
3.9.6.3,39091.0
3.9.6.4,11531.0
3.9.6.5,12296.0
3.9.6.6,13186.5
3.9.6.7,11531.0
3.9.6.8,12296.0
3.9.6.9,13186.5
3.9.7.1,61544.0
3.9.7.2,61544.0
3.9.7.3,129215.0
3.9.7.4,129215.0
3.9.7.5,129215.0
3.9.7.6,201875.0
3.9.8.1,24614.0
3.9.8.2,26365.5
3.9.8.3,28398.0
3.9.8.4.1,184590.0
3.9.8.4.2,184590.0
3.9.8.5,10564.5
3.9.8.6,11531.0
3.9.8.7,12296.0
3.9.8.8,13186.5
3.9.8.9,13186.5
3.9.9.1,129215.0
3.9.9.10,36910.0
3.9.9.11,56012.0
3.9.9.12,26365.5
3.9.9.13,28398.0
3.9.9.2,45765.0
3.9.9.3,32300.0
3.9.9.4,129215.0
3.9.9.6,32300.0
3.9.9.7,40375.0
3.9.9.8,21540.0
3.9.9.9,32300.0
4.1.1.11,196104.59492369497
4.1.1.13,205729.33232931735
4.1.1.15,289374.05607148586
4.1.1.17,391337.50253012043
4.1.1.19,3705.4181927710747
4.1.1.21,5005.888716078592
4.1.1.23,14549.38826955322
4.1.1.25,6469.224745381516
4.1.1.27,12958.44949076306
4.1.1.3,11027.002228000001
4.1.1.5,14747.214195200002
4.1.1.7,18005.927593855413
4.1.1.9,27287.41373493975
4.1.10.1,264.0
4.1.10.2,44.0
4.1.10.3,120.0
4.1.10.4,29.6
4.1.10.5,29.6
4.1.11.1,1039.0
4.1.11.10,29.6
4.1.11.2,855.0
4.1.11.3,855.0
4.1.11.4,804.6
4.1.11.5,804.6
4.1.11.6,1039.0
4.1.11.7,80.0
4.1.11.8,80.0
4.1.11.9,29.6
4.1.12.1,61.00000000000001
4.1.12.2,80.0
4.1.12.3,155.0
4.1.13.1,836.0
4.1.13.2,855.0
4.1.13.3,930.0
4.1.13.4,61.00000000000001
4.1.13.5,80.0
4.1.13.6,155.0
4.1.2.1.1,3961.875
4.1.2.1.10,3961.875
4.1.2.1.11,3961.875
4.1.2.1.12,3961.875
4.1.2.1.13,3961.875
4.1.2.1.14,3961.875
4.1.2.1.15,3961.875
4.1.2.1.16,3961.875
4.1.2.1.17,3961.875
4.1.2.1.2,3961.875
4.1.2.1.3,3961.875
4.1.2.1.4,3961.875
4.1.2.1.5,3961.875
4.1.2.1.6,3961.875
4.1.2.1.7,3961.875
4.1.2.1.8,3961.875
4.1.2.1.9,3961.875
4.1.2.2.1,5530.625
4.1.2.2.10,5530.625
4.1.2.2.11,5530.625
4.1.2.2.12,5530.625
4.1.2.2.13,5530.625
4.1.2.2.2,5530.625
4.1.2.2.3,5530.625
4.1.2.2.4,5530.625
4.1.2.2.5,5530.625
4.1.2.2.6,5530.625
4.1.2.2.7,5530.625
4.1.2.2.8,5530.625
4.1.2.2.9,5530.625
4.1.2.3.1,14953.75
4.1.2.3.10,14953.75
4.1.2.3.11,14953.75
4.1.2.3.2,14953.75
4.1.2.3.3,14953.75
4.1.2.3.4,14953.75
4.1.2.3.5,14953.75
4.1.2.3.6,14953.75
4.1.2.3.7,14953.75
4.1.2.3.8,14953.75
4.1.2.3.9,14953.75
4.1.2.4.1,25116.25
4.1.2.4.10,25116.25
4.1.2.4.11,25116.25
4.1.2.4.12,25116.25
4.1.2.4.13,25116.25
4.1.2.4.14,25116.25
4.1.2.4.15,25116.25
4.1.2.4.16,25116.25
4.1.2.4.17,25116.25
4.1.2.4.18,25116.25
4.1.2.4.2,25116.25
4.1.2.4.3,25116.25
4.1.2.4.4,25116.25
4.1.2.4.5,25116.25
4.1.2.4.6,25116.25
4.1.2.4.7,25116.25
4.1.2.4.8,25116.25
4.1.2.4.9,25116.25
4.1.2.5.1,16965.0
4.1.2.5.10,16965.0
4.1.2.5.11,16965.0
4.1.2.5.12,16965.0
4.1.2.5.13,16965.0
4.1.2.5.14,16965.0
4.1.2.5.2,16965.0
4.1.2.5.3,16965.0
4.1.2.5.4,16965.0
4.1.2.5.5,16965.0
4.1.2.5.6,16965.0
4.1.2.5.7,16965.0
4.1.2.5.8,16965.0
4.1.2.5.9,16965.0
4.1.2.6.1,204562.5
4.1.2.6.2,204562.5
4.1.2.6.3,204562.5
4.1.2.6.4,204562.5
4.1.2.6.5,204562.5
4.1.2.6.6,204562.5
4.1.2.6.7,204562.5
4.1.2.6.8,204562.5
4.1.2.7.1,283202.5
4.1.2.7.2,283202.5
4.1.2.7.3,283202.5
4.1.2.7.4,283202.5
4.1.2.7.5,283202.5
4.1.2.7.6,283202.5
4.1.2.7.7,283202.5
4.1.2.8.1,343402.5
4.1.2.8.2,343402.5
4.1.2.8.3,343402.5
4.1.2.8.4,343402.5
4.1.2.8.5,343402.5
4.1.2.8.6,343402.5
4.1.2.8.7,343402.5
4.1.3.1.1,16965.0
4.1.3.1.2,16965.0
4.1.3.1.3,16965.0
4.1.3.1.4,16965.0
4.1.3.1.5,16965.0
4.1.3.1.6,16965.0
4.1.3.1.7,16965.0
4.1.3.2.1,25402.5
4.1.3.2.2,25402.5
4.1.3.2.3,25402.5
4.1.3.2.4,25402.5
4.1.3.2.5,25402.5
4.1.3.2.6,25402.5
4.1.3.2.7,25402.5
4.1.3.3.1,137365.0
4.1.3.3.2,137365.0
4.1.3.3.3,137365.0
4.1.3.3.4,137365.0
4.1.3.3.5,137365.0
4.1.3.4.1,204562.5
4.1.3.4.2,204562.5
4.1.3.4.3,204562.5
4.1.3.4.4,204562.5
4.1.3.4.5,204562.5
4.1.3.5.1,283202.5
4.1.3.5.2,283202.5
4.1.3.5.3,283202.5
4.1.3.5.4,283202.5
4.1.3.5.5,283202.5
4.1.3.6.1,343402.5
4.1.3.6.2,343402.5
4.1.3.6.3,343402.5
4.1.3.6.4,343402.5
4.1.3.6.5,343402.5
4.1.4.1.1,11910.0
4.1.4.1.10,11910.0
4.1.4.1.11,11910.0
4.1.4.1.12,11910.0
4.1.4.1.13,11910.0
4.1.4.1.14,11910.0
4.1.4.1.2,11910.0
4.1.4.1.3,11910.0
4.1.4.1.4,11910.0
4.1.4.1.5,11910.0
4.1.4.1.6,11910.0
4.1.4.1.7,11910.0
4.1.4.1.8,11910.0
4.1.4.1.9,11910.0
4.1.4.2.1,11910.0
4.1.4.2.10,11910.0
4.1.4.2.11,11910.0
4.1.4.2.12,11910.0
4.1.4.2.13,11910.0
4.1.4.2.14,11910.0
4.1.4.2.15,11910.0
4.1.4.2.16,11910.0
4.1.4.2.17,11910.0
4.1.4.2.18,11910.0
4.1.4.2.19,11910.0
4.1.4.2.2,11910.0
4.1.4.2.20,11910.0
4.1.4.2.21,11910.0
4.1.4.2.22,11910.0
4.1.4.2.23,11910.0
4.1.4.2.24,11910.0
4.1.4.2.25,11910.0
4.1.4.2.26,11910.0
4.1.4.2.3,11910.0
4.1.4.2.4,11910.0
4.1.4.2.5,11910.0
4.1.4.2.6,11910.0
4.1.4.2.7,11910.0
4.1.4.2.8,11910.0
4.1.4.2.9,11910.0
4.1.4.3.1,11910.0
4.1.4.3.10,11910.0
4.1.4.3.11,11910.0
4.1.4.3.12,11910.0
4.1.4.3.13,11910.0
4.1.4.3.14,11910.0
4.1.4.3.15,11910.0
4.1.4.3.16,11910.0
4.1.4.3.17,11910.0
4.1.4.3.18,11910.0
4.1.4.3.19,11910.0
4.1.4.3.2,11910.0
4.1.4.3.3,11910.0
4.1.4.3.4,11910.0
4.1.4.3.5,11910.0
4.1.4.3.6,11910.0
4.1.4.3.7,11910.0
4.1.4.3.8,11910.0
4.1.4.3.9,11910.0
4.1.5.1,10097.5
4.1.5.2,10097.5
4.1.5.3,10097.5
4.1.5.4,10097.5
4.1.5.5,10097.5
4.1.6.1,6760.0
4.1.6.2,6760.0
4.1.6.3,6760.0
4.1.6.4,6760.0
4.1.7.1,434.125
4.1.7.10,12527.5
4.1.7.11,1213.5
4.1.7.12,57600.0
4.1.7.2,14410.0
4.1.7.3,694.65
4.1.7.4,12527.5
4.1.7.5,2001.0
4.1.7.6,57600.0
4.1.7.7,434.125
4.1.7.8,14410.0
4.1.7.9,694.65
4.1.8.10,64620.0
4.1.8.11,64620.0
4.1.8.2,64620.0
4.1.8.3,64620.0
4.1.8.4,64620.0
4.1.8.5,64620.0
4.1.8.6,64620.0
4.1.8.7,64620.0
4.1.8.8,64620.0
4.1.8.9,64620.0
4.1.9.1,64620.0
4.1.9.2,64620.0
4.1.9.3,64620.0
4.2.1.1,44.0
4.2.1.2,29.6
4.2.2.1,3163.825
4.2.2.2,247.45
4.2.3.1,3021.475
4.2.3.2,280.8775
4.2.3.2a,280.8775
4.2.3.3,3660.4
4.2.3.4,173.35
4.2.4.1,9306.125
4.2.4.2,14280.625
4.2.4.3,29384.375
4.2.4.3a,16249.999999999998
4.2.4.4,2346.25
4.2.4.4a,1499.9999999999998
4.2.4.5,1309.0
4.2.4.6,44.15
4.2.5.1,2726.5
4.2.5.2,253.45
4.2.5.3,119.65
4.2.6.1,28.4
4.2.7.1,2479.9999999999995
4.2.7.2,1499.9999999999998
4.3.1,13465.0
5.1.1.1,9100.0
5.1.1.1.1,9100.0
5.1.1.1.10,22705.0
5.1.1.1.11,22705.0
5.1.1.1.12,27255.0
5.1.1.1.13,27255.0
5.1.1.1.14,31905.0
5.1.1.1.15,36355.0
5.1.1.1.16,45655.0
5.1.1.1.17,54755.0
5.1.1.1.18,9100.0
5.1.1.1.19,9100.0
5.1.1.1.2,9100.0
5.1.1.1.20,9100.0
5.1.1.1.22,9100.0
5.1.1.1.23,9100.0
5.1.1.1.24,9100.0
5.1.1.1.25,9100.0
5.1.1.1.26,11135.0
5.1.1.1.27,11135.0
5.1.1.1.28,13750.0
5.1.1.1.29,13750.0
5.1.1.1.3,9100.0
5.1.1.1.30,13750.0
5.1.1.1.31,16365.0
5.1.1.1.32,18400.0
5.1.1.1.33,9100.0
5.1.1.1.34,9100.0
5.1.1.1.35,11135.0
5.1.1.1.36,11135.0
5.1.1.1.37,13750.0
5.1.1.1.38,13750.0
5.1.1.1.39,18400.0
5.1.1.1.4,9100.0
5.1.1.1.40,22705.0
5.1.1.1.41,27255.0
5.1.1.1.42,41005.0
5.1.1.1.43,54755.0
5.1.1.1.44,54755.0
5.1.1.1.45,68360.0
5.1.1.1.46,68360.0
5.1.1.1.47,91110.0
5.1.1.1.48,91110.0
5.1.1.1.5,11135.0
5.1.1.1.6,13750.0
5.1.1.1.7,13750.0
5.1.1.1.8,22705.0
5.1.1.1.9,22705.0
5.1.1.10.1,9100.0
5.1.1.11.1,11915.0
5.1.1.12.1,45655.0
5.1.1.12.10,45655.0
5.1.1.12.100,45655.0
5.1.1.12.101,45655.0
5.1.1.12.102,45655.0
5.1.1.12.103,45655.0
5.1.1.12.104,45655.0
5.1.1.12.105,45655.0
5.1.1.12.106,45655.0
5.1.1.12.107,45655.0
5.1.1.12.108,45655.0
5.1.1.12.109,45655.0
5.1.1.12.11,51625.0
5.1.1.12.110,45655.0
5.1.1.12.111,45655.0
5.1.1.12.112,45655.0
5.1.1.12.113,45655.0
5.1.1.12.114,45655.0
5.1.1.12.115,45655.0
5.1.1.12.116,45655.0
5.1.1.12.117,45655.0
5.1.1.12.118,45655.0
5.1.1.12.119,45655.0
5.1.1.12.12,51625.0
5.1.1.12.120,45655.0
5.1.1.12.121,45655.0
5.1.1.12.122,45655.0
5.1.1.12.123,45655.0
5.1.1.12.124,45655.0
5.1.1.12.13,51625.0
5.1.1.12.14,13750.0
5.1.1.12.15,68360.0
5.1.1.12.16,68360.0
5.1.1.12.17,68360.0
5.1.1.12.18,68360.0
5.1.1.12.19,68360.0
5.1.1.12.2,45655.0
5.1.1.12.20,68360.0
5.1.1.12.21,68360.0
5.1.1.12.22,68360.0
5.1.1.12.23,68360.0
5.1.1.12.24,68360.0
5.1.1.12.25,68360.0
5.1.1.12.26,68360.0
5.1.1.12.27,68360.0
5.1.1.12.28,68360.0
5.1.1.12.29,68360.0
5.1.1.12.3,45655.0
5.1.1.12.30,68360.0
5.1.1.12.31,68360.0
5.1.1.12.32,68360.0
5.1.1.12.33,45655.0
5.1.1.12.34,45655.0
5.1.1.12.35,45655.0
5.1.1.12.36,45655.0
5.1.1.12.37,45655.0
5.1.1.12.38,45655.0
5.1.1.12.39,45655.0
5.1.1.12.4,45655.0
5.1.1.12.40,45655.0
5.1.1.12.41,45655.0
5.1.1.12.42,45655.0
5.1.1.12.43,45655.0
5.1.1.12.44,45655.0
5.1.1.12.45,45655.0
5.1.1.12.46,45655.0
5.1.1.12.47,45655.0
5.1.1.12.48,45655.0
5.1.1.12.49,45655.0
5.1.1.12.5,45655.0
5.1.1.12.50,45655.0
5.1.1.12.51,45655.0
5.1.1.12.52,45655.0
5.1.1.12.53,45655.0
5.1.1.12.54,45655.0
5.1.1.12.55,45655.0
5.1.1.12.56,45655.0
5.1.1.12.57,45655.0
5.1.1.12.58,45655.0
5.1.1.12.59,45655.0
5.1.1.12.6,45655.0
5.1.1.12.60,45655.0
5.1.1.12.61,45655.0
5.1.1.12.62,45655.0
5.1.1.12.63,45655.0
5.1.1.12.64,45655.0
5.1.1.12.65,45655.0
5.1.1.12.66,45655.0
5.1.1.12.67,45655.0
5.1.1.12.68,45655.0
5.1.1.12.69,68360.0
5.1.1.12.70,45655.0
5.1.1.12.71,68360.0
5.1.1.12.72,68360.0
5.1.1.12.73,68360.0
5.1.1.12.74,68360.0
5.1.1.12.75,68360.0
5.1.1.12.76,68360.0
5.1.1.12.77,68360.0
5.1.1.12.78,68360.0
5.1.1.12.79,68360.0
5.1.1.12.8,45655.0
5.1.1.12.80,68360.0
5.1.1.12.81,68360.0
5.1.1.12.82,68360.0
5.1.1.12.83,68360.0
5.1.1.12.84,68360.0
5.1.1.12.85,68360.0
5.1.1.12.86,68360.0
5.1.1.12.87,68360.0
5.1.1.12.88,45655.0
5.1.1.12.89,45655.0
5.1.1.12.9,45655.0
5.1.1.12.90,45655.0
5.1.1.12.91,45655.0
5.1.1.12.92,45655.0
5.1.1.12.93,45655.0
5.1.1.12.94,45655.0
5.1.1.12.95,45655.0
5.1.1.12.96,45655.0
5.1.1.12.97,45655.0
5.1.1.12.98,45655.0
5.1.1.12.99,45655.0
5.1.1.2.1,4650.0
5.1.1.2.10,9100.0
5.1.1.2.11,9100.0
5.1.1.2.12,9100.0
5.1.1.2.13,13750.0
5.1.1.2.14,22705.0
5.1.1.2.2,4650.0
5.1.1.2.3,7265.0
5.1.1.2.4,7265.0
5.1.1.2.5,9100.0
5.1.1.2.6,9100.0
5.1.1.2.7,9100.0
5.1.1.2.8,9100.0
5.1.1.2.9,9100.0
5.1.1.3.1,9100.0
5.1.1.3.10,13750.0
5.1.1.3.11,9100.0
5.1.1.3.12,9100.0
5.1.1.3.13,11135.0
5.1.1.3.14,11135.0
5.1.1.3.15,13750.0
5.1.1.3.16,13750.0
5.1.1.3.2,9100.0
5.1.1.3.3,9100.0
5.1.1.3.4,9100.0
5.1.1.3.5,9100.0
5.1.1.3.6,9100.0
5.1.1.3.7,9100.0
5.1.1.3.8,11135.0
5.1.1.3.9,11135.0
5.1.1.4.1,9100.0
5.1.1.4.2,9100.0
5.1.1.4.3,9100.0
5.1.1.4.4,9100.0
5.1.1.4.5,9100.0
5.1.1.4.6,9100.0
5.1.1.4.7,11915.0
5.1.1.5.1,9100.0
5.1.1.5.10,13750.0
5.1.1.5.11,13750.0
5.1.1.5.12,13750.0
5.1.1.5.13,9100.0
5.1.1.5.14,11135.0
5.1.1.5.15,11135.0
5.1.1.5.16,13750.0
5.1.1.5.17,13750.0
5.1.1.5.18,18400.0
5.1.1.5.19,22705.0
5.1.1.5.2,9100.0
5.1.1.5.20,27255.0
5.1.1.5.21,41005.0
5.1.1.5.22,54755.0
5.1.1.5.23,54755.0
5.1.1.5.24,68360.0
5.1.1.5.25,68360.0
5.1.1.5.26,91110.0
5.1.1.5.27,91110.0
5.1.1.5.28,91110.0
5.1.1.5.3,9100.0
5.1.1.5.4,9100.0
5.1.1.5.5,9100.0
5.1.1.5.6,9100.0
5.1.1.5.7,9100.0
5.1.1.5.8,11135.0
5.1.1.5.9,11135.0
5.1.1.6.1,9100.0
5.1.1.6.2,11135.0
5.1.1.6.3,11135.0
5.1.1.6.4,68360.0
5.1.1.6.5,54755.0
5.1.1.6.6,9100.0
5.1.1.6.7,36355.0
5.1.1.7.1,7265.0
5.1.1.7.2,7265.0
5.1.1.7.3,9100.0
5.1.1.7.4,9100.0
5.1.1.7.5,11135.0
5.1.1.7.6,13750.0
5.1.1.7.7,13750.0
5.1.1.7.8,22705.0
5.1.1.7.9,22705.0
5.1.1.8.1,9100.0
5.1.1.9.1,9100.0
5.1.2.1,1434485.0
5.1.2.10,175890.0
5.1.2.11,214860.0
5.1.2.16,175890.0
5.1.2.17,239645.0
5.1.2.18,446285.0
5.1.2.19,342525.0
5.1.2.2,1275190.0
5.1.2.20,616615.0
5.1.2.21,376090.0
5.1.2.22,471070.0
5.1.2.23,301520.0
5.1.2.24,40050.0
5.1.2.3,510040.0
5.1.2.4,446285.0
5.1.2.5,411665.0
5.1.2.6,342525.0
5.1.2.7,239645.0
5.1.2.8,214860.0
5.1.2.9,411665.0
5.1.3.1,1036975.0
5.1.3.2,1299475.0
5.1.3.3,29048825.0
5.1.3.4,261525.0
5.1.3.5,461525.0
5.1.3.6,25205.0
5.1.4.1,1001595.0
5.1.5.1,11915.0
5.1.5.12,14530.0
5.1.5.13,78240.0
5.1.5.14,78240.0
5.1.5.2,11915.0
5.1.5.3,11915.0
5.1.5.4,28135.0
5.1.5.5,55535.0
5.1.5.7,83845.0
5.1.5.8,55535.0
5.1.5.9,9880.0
5.1.6.1,82890.0
5.1.6.2,123895.0
5.1.6.3,243140.0
5.1.6.4,243140.0
5.1.8.1,738400.0
5.1.8.2,738400.0
5.2.1,72910.0
5.2.10,72910.0
5.2.11,13750.0
5.2.12,13750.0
5.2.13,4650.0
5.2.14,82890.0
5.2.15,72910.0
5.2.16,72910.0
5.2.17,72910.0
5.2.18,72910.0
5.2.19,72910.0
5.2.2,72910.0
5.2.20,72910.0
5.2.21,72910.0
5.2.22,72910.0
5.2.23,50885.0
5.2.24,69140.0
5.2.25,98230.0
5.2.3,72910.0
5.2.4,43620.0
5.2.5,43620.0
5.2.6,72910.0
5.2.7,72910.0
5.2.8,18400.0
5.2.9,43620.0
5.3.1,2200270.0
5.3.1,2200270.0
5.3.1,2200270.0
5.3.1,2200270.0
5.3.1,2200270.0
5.3.1,2200270.0
5.3.1,2200270.0
5.3.1,2200270.0
5.3.1,2200270.0
5.3.1,2200270.0
5.3.1,2200270.0
5.3.1,2200270.0
5.3.1,2200270.0
5.3.1,2200270.0
5.3.1.1,72910.0
5.3.1.10,49150.0
5.3.1.11,97450.0
5.3.1.12,29090.0
5.3.1.13,43620.0
5.3.1.14,43620.0
5.3.1.15,43620.0
5.3.1.16,63710.0
5.3.1.17,63710.0
5.3.1.18,533725.0
5.3.1.19,776085.0
5.3.1.2,72910.0
5.3.1.20,97450.0
5.3.1.21,24640.0
5.3.1.22,24640.0
5.3.1.23,24640.0
5.3.1.24,24640.0
5.3.1.25,24640.0
5.3.1.26,24640.0
5.3.1.27,24640.0
5.3.1.28,43620.0
5.3.1.29,43620.0
5.3.1.3,24640.0
5.3.1.4,24640.0
5.3.1.5,24640.0
5.3.1.6,24640.0
5.3.1.7,24640.0
5.3.1.8,49150.0
5.3.1.9,49150.0
5.3.2.1,24640.0
5.3.2.2,24640.0
5.3.4.17,61095.0
5.4.1.1,2422715.0
5.4.1.10,36355.0
5.4.1.11,36355.0
5.4.1.12,36355.0
5.4.1.13,24640.0
5.4.1.14,24640.0
5.4.1.15,24640.0
5.4.1.16,24640.0
5.4.1.17,24640.0
5.4.1.18,72910.0
5.4.1.19,72910.0
5.4.1.2,159470.0
5.4.1.20,72910.0
5.4.1.21,72910.0
5.4.1.22,72910.0
5.4.1.23,72910.0
5.4.1.24,72910.0
5.4.1.25,72910.0
5.4.1.26,26475.0
5.4.1.27,26475.0
5.4.1.28,26475.0
5.4.1.29,26475.0
5.4.1.3,115575.0
5.4.1.30,26475.0
5.4.1.31,61750.0
5.4.1.32,13750.0
5.4.1.33,9100.0
5.4.1.34,13750.0
5.4.1.35,32785.0
5.4.1.36,69140.0
5.4.1.37,95760.0
5.4.1.38,95760.0
5.4.1.39,95760.0
5.4.1.4,115575.0
5.4.1.40,95760.0
5.4.1.41,95760.0
5.4.1.42,6485.0
5.4.1.5,382575.0
5.4.1.6,382575.0
5.4.1.7,36355.0
5.4.1.8,36355.0
5.4.1.9,36355.0
5.4.2.1,95760.0
5.4.2.10,72910.0
5.4.2.11,95760.0
5.4.2.2,48270.0
5.4.2.3,299140.0
5.4.2.4,299140.0
5.4.2.5,145720.0
5.4.2.6,95760.0
5.4.2.7,191375.0
5.4.2.8,18400.0
5.4.2.9,72910.0
5.4.3.1,49150.0
5.4.3.10,29090.0
5.4.3.11,95760.0
5.4.3.12,193990.0
5.4.3.13,61750.0
5.4.3.14,36355.0
5.4.3.15,82225.0
5.4.3.16,36355.0
5.4.3.17,145720.0
5.4.3.18,72910.0
5.4.3.19,72910.0
5.4.3.2,145720.0
5.4.3.3,72910.0
5.4.3.4,72910.0
5.4.3.5,72910.0
5.4.3.6,135720.0
5.4.3.7,24640.0
5.4.3.8,24640.0
5.4.3.9,43620.0
5.4.4.1,49150.0
5.4.4.2,49150.0
5.4.4.3,291265.0
5.4.4.4,193990.0
5.4.4.5,49150.0
5.4.4.6,24640.0
5.4.4.7,24640.0
5.4.5.1,335085.0
5.4.5.10,14530.0
5.4.5.11,293095.0
5.4.5.12,164120.0
5.4.5.13,164120.0
5.4.5.14,259560.0
5.4.5.15,259560.0
5.4.5.16,259560.0
5.4.5.17,159470.0
5.4.5.2,290485.0
5.4.5.3,290485.0
5.4.5.4,72910.0
5.4.5.5,119245.0
5.4.5.6,19990.0
5.4.5.7,19990.0
5.4.5.8,18400.0
5.4.5.9,121280.0
5.4.6.1,78240.0
5.4.6.2,24640.0
5.4.6.3,24640.0
5.4.6.4,19990.0
5.4.6.5,48270.0
5.4.6.6,48270.0
5.5.1.1,291265.0
5.5.1.2,341570.0
5.5.1.3,341570.0
5.5.1.4,341570.0
5.5.1.5,341570.0
5.5.1.6,483420.00000000006
5.5.1.7,774250.0
5.5.1.8,9100.0
5.5.1.9,9100.0
5.5.2.1,97450.0
5.5.2.10,1256890.0
5.5.2.11,1932845.0
5.5.2.12,1932845.0
5.5.2.13,97450.0
5.5.2.14,97450.0
5.5.2.15,483437.50000000006
5.5.2.16,145720.0
5.5.2.17,145720.0
5.5.2.18,145720.0
5.5.2.19,193990.0
5.5.2.2,97450.0
5.5.2.20,338755.0
5.5.2.21,338755.0
5.5.2.22,24640.0
5.5.2.23,24640.0
5.5.2.24,29090.0
5.5.2.25,29090.0
5.5.2.26,97450.0
5.5.2.27,97450.0
5.5.2.28,145720.0
5.5.2.29,193990.0
5.5.2.3,97450.0
5.5.2.30,193990.0
5.5.2.31,24640.0
5.5.2.32,24640.0
5.5.2.33,24640.0
5.5.2.34,24640.0
5.5.2.35,29090.0
5.5.2.36,97450.0
5.5.2.4,97450.0
5.5.2.40,145720.0
5.5.2.41,189090.0
5.5.2.43,242260.0
5.5.2.44,242260.0
5.5.2.45,9100.0
5.5.2.46,9100.0
5.5.2.47,193990.0
5.5.2.48,510040.0
5.5.2.5,290485.0
5.5.2.6,290485.0
5.5.2.7,870645.0
5.5.2.8,870645.0
5.5.2.9,870645.0
5.5.3.1,54755.0
5.5.3.11,82890.0
5.5.3.6,72910.0
5.5.4.1,12870.0
5.5.4.10,79395.0
5.5.4.11,12870.0
5.5.4.12,18400.0
5.5.4.13,24640.0
5.5.4.14,31125.0
5.5.4.15,36355.0
5.5.4.16,49150.0
5.5.4.18,72910.0
5.5.4.19,97450.0
5.5.4.2,122800.0
5.5.4.3,24640.0
5.5.4.4,24640.0
5.5.4.5,36355.0
5.5.4.6,42840.0
5.5.4.7,49150.0
5.5.4.8,54755.0
5.5.4.9,66525.0
5.6.1.1,195650.0
5.6.1.10,97450.0
5.6.1.11,123015.0
5.6.1.12,145720.0
5.6.1.13,195650.0
5.6.1.14,291265.0
5.6.1.15,35575.0
5.6.1.16,70095.0
5.6.1.17,241305.0
5.6.1.18,359670.0
5.6.1.19,275825.0
5.6.1.2,243140.0
5.6.1.20,291265.0
5.6.1.21,80275.0
5.6.1.22,24640.0
5.6.1.3,243140.0
5.6.1.4,387025.0
5.6.1.5,582875.0
5.6.1.6,776085.0
5.6.1.7,174635.0
5.6.1.8,232205.0
5.6.1.9,350670.0
5.6.2.1,19990.0
5.6.2.2,19990.0
5.6.2.3,485455.00000000006
5.6.2.4,485455.00000000006
5.6.2.5,678490.0
5.6.2.6,291265.0
5.6.3.1,39170.0
5.6.3.2,39170.0
5.6.3.3,39170.0
5.6.4.1,2424375.0
5.6.4.2,8729265.0
5.6.4.3,11657525.0
5.6.4.4,9700735.0
5.6.4.5,12797410.0
51.1.12.7,45655.0
6.1.1.1,159070.0
6.1.1.10,246355.0
6.1.1.11,246355.0
6.1.1.12,246355.0
6.1.1.13,246355.0
6.1.1.14,290465.0
6.1.1.15,294235.0
6.1.1.16,294235.0
6.1.1.17,294235.0
6.1.1.18,48950.0
6.1.1.2,246355.0
6.1.1.3,294235.0
6.1.1.4,159070.0
6.1.1.5,246355.0
6.1.1.6,294235.0
6.1.1.7,48950.0
6.1.1.8,159070.0
6.1.1.9,159070.0
6.1.2.1,278115.0
6.1.2.2,159070.0
6.1.2.3,159070.0
6.1.2.4,290855.0
6.1.2.5,290855.0
6.1.2.6,290855.0
6.1.2.7,238280.0
6.1.2.8,278260.0
6.1.2.9,290855.0
6.1.3.1,420980.0
6.1.3.2,2145355.0
6.1.3.3,420980.0
6.1.3.4,2145355.0
6.1.3.5,420980.0
6.1.4.1,238280.0
6.1.4.2,254110.0
6.1.4.3,278260.0
6.1.4.4,317865.0
6.1.4.5,278260.0
6.2.1.1,504870.0
6.2.1.2,1260310.0
6.2.1.3,2542560.0
6.2.1.4,7588295.0
6.2.1.5,10925455.0
6.2.1.6,252450.0
6.2.1.8,46235.0
6.2.2.1,168560.0
6.2.3.1,95560.0
6.2.3.2,95560.0
6.2.3.3,397350.0
6.2.4.1,46235.0
6.3.1,335200.0
6.3.2,491875.0
6.3.3,491875.0
6.4.1.1,8285.0
6.4.1.10,58005.0
6.4.1.11,69895.0
6.4.1.12,93770.0
6.4.1.13,116620.0
6.4.1.14,139860.0
6.4.1.15,162710.0
6.4.1.16,185950.0
6.4.1.17,15340.0
6.4.1.18,18200.0
6.4.1.19,23730.0
6.4.1.2,9100.0
6.4.1.20,29480.0
6.4.1.21,35965.0
6.4.1.22,46900.0
6.4.1.23,58005.0
6.4.1.24,69895.0
6.4.1.25,93770.0
6.4.1.26,116620.0
6.4.1.27,139860.0
6.4.1.28,162710.0
6.4.1.29,185805.0
6.4.1.3,11915.0
6.4.1.4,15485.0
6.4.1.5,18200.0
6.4.1.6,23730.0
6.4.1.7,29480.0
6.4.1.8,35965.0
6.4.1.9,46900.0
6.4.2.1,13360.0
6.4.2.10,150360.0
6.4.2.11,180475.0
6.4.2.12,240070.0
6.4.2.13,300375.0
6.4.2.14,359970.0
6.4.2.15,420200.0
6.4.2.16,479795.0
6.4.2.17,13360.0
6.4.2.18,19990.0
6.4.2.19,26100.0
6.4.2.2,19990.0
6.4.2.20,32485.0
6.4.2.21,39605.0
6.4.2.22,52575.0
6.4.2.23,65300.0
6.4.2.24,90765.0
6.4.2.25,120880.0
6.4.2.26,150360.0
6.4.2.27,180475.0
6.4.2.28,240070.0
6.4.2.29,300375.0
6.4.2.3,26100.0
6.4.2.30,359970.0
6.4.2.31,420200.0
6.4.2.32,479795.0
6.4.2.4,32485.0
6.4.2.5,39605.0
6.4.2.6,52575.0
6.4.2.7,65300.0
6.4.2.8,90765.0
6.4.2.9,120880.0
6.4.3.1,7900.000000000001
6.4.3.10,99200.0
6.4.3.11,7900.000000000001
6.4.3.12,11915.0
6.4.3.13,16610.0
6.4.3.14,20625.0
6.4.3.15,24685.0
6.4.3.16,33540.0
6.4.3.17,41195.0
6.4.3.18,49270.0
6.4.3.19,66080.0
6.4.3.2,11915.0
6.4.3.20,99200.0
6.4.3.3,16610.0
6.4.3.4,20625.0
6.4.3.5,24685.0
6.4.3.6,29480.0
6.4.3.7,41195.0
6.4.3.8,49270.0
6.4.3.9,66080.0
6.4.4.1,13360.0
6.4.4.10,150360.0
6.4.4.11,180475.0
6.4.4.12,240070.0
6.4.4.13,300375.0
6.4.4.14,359970.0
6.4.4.15,420200.0
6.4.4.16,479795.0
6.4.4.17,13360.0
6.4.4.18,19990.0
6.4.4.19,26100.0
6.4.4.2,19990.0
6.4.4.20,32485.0
6.4.4.21,39605.0
6.4.4.22,52575.0
6.4.4.23,65300.0
6.4.4.24,90765.0
6.4.4.25,120880.0
6.4.4.26,150360.0
6.4.4.27,180475.0
6.4.4.28,240070.0
6.4.4.29,300375.0
6.4.4.3,26100.0
6.4.4.30,359970.0
6.4.4.31,420200.0
6.4.4.32,479795.0
6.4.4.4,32485.0
6.4.4.5,39605.0
6.4.4.6,52575.0
6.4.4.7,65300.0
6.4.4.8,90765.0
6.4.4.9,120880.0
6.4.5.1,11475.0
6.4.5.2,15300.0
6.5.1.1,19990.0
6.5.1.10,300520.0
6.5.1.11,360505.0
6.5.1.12,480285.00000000006
6.5.1.13,600285.0
6.5.1.14,719130.0
6.5.1.2,29970.0
6.5.1.3,39850.0
6.5.1.4,48950.0
6.5.1.5,59840.0
6.5.1.6,78995.0
6.5.1.7,98910.0
6.5.1.8,179840.0
6.5.1.9,240705.0
6.5.10.1,19990.0
6.5.10.10,240705.0
6.5.10.2,39850.0
6.5.10.3,78995.0
6.5.10.4,179840.0
6.5.10.5,240705.0
6.5.10.9,179840.0
6.5.11.1,19990.0
6.5.11.10,600285.0
6.5.11.11,719130.0
6.5.11.12,839910.0
6.5.11.13,240705.0
6.5.11.2,29970.0
6.5.11.3,39850.0
6.5.11.4,59840.0
6.5.11.5,78995.0
6.5.11.6,179840.0
6.5.11.7,240705.0
6.5.11.8,360505.0
6.5.11.9,480285.00000000006
6.5.12.1,35965.0
6.5.12.2,44010.0
6.5.12.3,69895.0
6.5.12.4,93135.0
6.5.12.5,116230.0
6.5.12.6,139715.0
6.5.12.7,186125.0
6.5.13.1,52720.0
6.5.13.2,66080.0
6.5.13.3,79385.0
6.5.13.4,102480.0
6.5.13.5,131150.0
6.5.13.6,157625.0
6.5.13.7,209955.0
6.5.13.8,262330.0
6.5.13.9,314270.0
6.5.14.1,52720.0
6.5.14.2,66080.0
6.5.14.3,79385.0
6.5.14.4,102480.0
6.5.14.5,157625.0
6.5.14.6,209955.0
6.5.15.1,35965.0
6.5.15.2,69895.0
6.5.15.3,94935.0
6.5.16.1,198820.0
6.5.16.2,242540.0
6.5.16.3,291420.0
6.5.16.4,389595.0
6.5.16.5,587950.0
6.5.16.6,774665.0
6.5.17.1,9100.0
6.5.17.2,18200.0
6.5.17.3,35965.0
6.5.17.4,69895.0
6.5.17.5,93135.0
6.5.17.6,139225.0
6.5.18.1,44965.0
6.5.19.1,73200.0
6.5.2.1,19990.0
6.5.2.2,29970.0
6.5.2.3,39850.0
6.5.2.4,48950.0
6.5.2.5,59840.0
6.5.2.6,78995.0
6.5.2.7,98910.0
6.5.2.8,179840.0
6.5.2.9,240705.0
6.5.20.1,48950.0
6.5.21.1,93135.0
6.5.22.1,239425.0
6.5.23.1,479110.0
6.5.23.2,600975.0
6.5.24.1,18200.0
6.5.24.2,23485.0
6.5.24.3,36355.0
6.5.3.1,19990.0
6.5.3.10,300520.0
6.5.3.11,360505.0
6.5.3.12,480285.00000000006
6.5.3.13,600285.0
6.5.3.14,719130.0
6.5.3.2,29970.0
6.5.3.3,39850.0
6.5.3.4,48950.0
6.5.3.5,59840.0
6.5.3.6,78995.0
6.5.3.7,98910.0
6.5.3.8,179840.0
6.5.3.9,240705.0
6.5.4.1,19990.0
6.5.4.10,300520.0
6.5.4.11,360505.0
6.5.4.12,480285.00000000006
6.5.4.13,600285.0
6.5.4.14,719130.0
6.5.4.15,839910.0
6.5.4.2,29970.0
6.5.4.3,39850.0
6.5.4.4,48950.0
6.5.4.5,59840.0
6.5.4.6,78995.0
6.5.4.7,98910.0
6.5.4.8,179840.0
6.5.4.9,240705.0
6.5.5.1,19990.0
6.5.5.10,300520.0
6.5.5.11,360505.0
6.5.5.12,480285.00000000006
6.5.5.13,600285.0
6.5.5.14,719130.0
6.5.5.2,29970.0
6.5.5.3,39850.0
6.5.5.4,105340.0
6.5.5.4,105340.0
6.5.5.5,119680.0
6.5.5.5,119680.0
6.5.5.6,78995.0
6.5.5.7,98910.0
6.5.5.8,179840.0
6.5.5.9,240705.0
6.5.6.1,19990.0
6.5.6.10,300520.0
6.5.6.11,360505.0
6.5.6.12,480285.00000000006
6.5.6.13,600285.0
6.5.6.14,719130.0
6.5.6.15,839910.0
6.5.6.2,29970.0
6.5.6.3,39850.0
6.5.6.6,78995.0
6.5.6.7,98910.0
6.5.6.8,179840.0
6.5.6.9,240705.0
6.5.7.1,19990.0
6.5.7.10,300520.0
6.5.7.11,360505.0
6.5.7.12,480285.00000000006
6.5.7.13,600285.0
6.5.7.14,629520.0
6.5.7.2,29970.0
6.5.7.23,719130.0
6.5.7.24,839910.0
6.5.7.3,39850.0
6.5.7.4,48950.0
6.5.7.5,59840.0
6.5.7.6,78995.0
6.5.7.7,98910.0
6.5.7.8,179840.0
6.5.7.9,240705.0
6.5.8.1,78995.0
6.5.8.10,719130.0
6.5.8.2,98910.0
6.5.8.3,179840.0
6.5.8.4,240705.0
6.5.8.5,300520.0
6.5.8.6,360505.0
6.5.8.7,480285.00000000006
6.5.8.8,600285.0
6.5.8.9,629520.0
6.5.9.1,19990.0
6.5.9.10,300520.0
6.5.9.11,360505.0
6.5.9.12,480285.00000000006
6.5.9.2,29970.0
6.5.9.3,39850.0
6.5.9.4,48950.0
6.5.9.5,59840.0
6.5.9.6,78995.0
6.5.9.7,98910.0
6.5.9.8,179840.0
6.5.9.9,240705.0
6.6.1.1,32585.0
7.1.1.1,36850.0
7.1.1.2,36850.0
7.1.1.3,22637.5
7.1.1.4,22637.5
7.1.1.5,36850.0
7.1.1.6,36850.0
7.1.1.7,23026.0
7.1.1.8,23026.0
7.1.2.1,6091.5
7.1.2.2,6091.5
7.1.2.3,6091.5
7.1.2.4,6091.5
7.2.1.1,231800.0
7.2.1.2,308702.5
7.2.1.3,67462.5
7.2.1.4,139555.0
7.2.2.1,331817.5
7.2.2.2,344860.0
7.2.2.3,148207.5
7.2.2.4,151740.0
7.3.1,328438.2125
7.3.2,314690.5625
8.1.1.1,166412.0
8.1.1.10,368280.0
8.1.1.11,372368.0
8.1.1.12,375439.0
8.1.1.13,460119.5
8.1.1.14,484539.5
8.1.1.15,491043.5
8.1.1.16,500620.0
8.1.1.17,561281.0
8.1.1.18,572842.4999999999
8.1.1.19,650990.5
8.1.1.2,192844.5
8.1.1.20,580374.0
8.1.1.21,657295.0
8.1.1.22,659140.5
8.1.1.23,674991.5
8.1.1.24,685186.5
8.1.1.25,686194.0
8.1.1.26,694344.0
8.1.1.27,701456.5
8.1.1.3,213304.49999999997
8.1.1.4,231710.5
8.1.1.5,242788.0
8.1.1.6,252509.5
8.1.1.7,338427.0
8.1.1.8,346972.5
8.1.1.9,367941.0
8.1.2.1,166412.0
8.1.2.10,368280.0
8.1.2.11,372368.0
8.1.2.12,375439.0
8.1.2.13,460119.5
8.1.2.14,484539.5
8.1.2.15,491043.5
8.1.2.16,500620.0
8.1.2.17,561281.0
8.1.2.18,572842.4999999999
8.1.2.19,650990.5
8.1.2.2,192844.5
8.1.2.20,580374.0
8.1.2.21,657295.0
8.1.2.22,659140.5
8.1.2.23,674991.5
8.1.2.24,685186.5
8.1.2.25,686194.0
8.1.2.26,694344.0
8.1.2.27,701456.5
8.1.2.3,213304.49999999997
8.1.2.4,231710.5
8.1.2.5,242788.0
8.1.2.6,252509.5
8.1.2.7,338607.0
8.1.2.8,346972.5
8.1.2.9,367941.0
8.1.3.1,9106.5
8.1.3.10,61595.0
8.1.3.11,91205.0
8.1.3.2,14496.5
8.1.3.3,15946.5
8.1.3.4,18842.0
8.1.3.5,18409.0
8.1.3.6,13036.5
8.1.3.7,17382.0
8.1.3.8,48075.0
8.1.3.9,53810.0
8.2.1,4855.0
8.2.10,45570.0
8.2.11,53500.0
8.2.12,57402.5
8.2.2,5463.0
8.2.3,9125.0
8.2.4,33737.5
8.2.5,42775.0
8.2.6,47112.5
8.2.7,8691.0
8.2.8,31087.5
8.2.9,36822.5
8.3.1,2799800.0
8.3.1,2799800.0
8.3.1.1,170144.5
8.3.1.2,398800.5
8.3.1.3,430338.0
8.3.1.4,588768.0
8.3.1.5,834900.0
8.3.1.7,1251914.0
8.3.2.1,380394.5
8.3.2.2,398800.5
8.3.2.3,430338.0
8.3.2.4,588768.0
8.3.2.5,834900.0
8.3.2.6,943271.5000000001
8.3.2.7,1251914.0
8.3.2.8,1856528.5
9.1.1.1,15645.0
9.1.1.10,169001.0
9.1.1.11,200015.0
9.1.1.12,338505.0
9.1.1.13,353866.0
9.1.1.14,396712.0
9.1.1.15,439466.0
9.1.1.16,471312.0
9.1.1.17,9970.0
9.1.1.18,9970.0
9.1.1.19,12685.0
9.1.1.2,18015.0
9.1.1.20,12685.0
9.1.1.21,12685.0
9.1.1.22,15645.0
9.1.1.3,20385.0
9.1.1.4,22755.0
9.1.1.5,36475.0
9.1.1.6,53032.0
9.1.1.7,60835.0
9.1.1.8,77784.0
9.1.1.9,139675.0
9.1.2.1,890.0
9.1.2.10,99755.0
9.1.2.11,119795.0
9.1.2.12,209725.0
9.1.2.13,219695.0
9.1.2.14,247535.0
9.1.2.15,275175.0
9.1.2.16,302815.0
9.1.2.2,2615.0
9.1.2.3,4195.0
9.1.2.4,5875.0
9.1.2.5,15500.0
9.1.2.6,24680.0
9.1.2.7,29665.0
9.1.2.8,63770.0
9.1.2.9,80850.0
9.2.1.1,68292.0
9.2.1.10,309983.0
9.2.1.11,288736.0
9.2.1.12,509819.0
9.2.1.13,600304.0
9.2.1.14,678464.0
9.2.1.15,746140.0
9.2.1.16,842552.0
9.2.1.17,42350.0
9.2.1.18,42350.0
9.2.1.19,53110.0
9.2.1.2,79052.0
9.2.1.20,53110.0
9.2.1.21,53110.0
9.2.1.22,66240.0
9.2.1.3,88332.0
9.2.1.4,99537.0
9.2.1.5,155362.0
9.2.1.6,187311.0
9.2.1.7,191475.0
9.2.1.8,249686.0
9.2.1.9,281920.0
9.2.2.1,3750.0
9.2.2.10,181195.0
9.2.2.11,226215.0
9.2.2.12,301635.0
9.2.2.13,340725.0
9.2.2.14,379915.0
9.2.2.15,419305.0
9.2.2.16,458495.0
9.2.2.2,11205.0
9.2.2.3,17670.0
9.2.2.4,25270.0
9.2.2.5,65450.0
9.2.2.6,91265.0
9.2.2.7,96940.0
9.2.2.8,142105.0
9.2.2.9,163280.0
9.3.1.1,8617.0
9.3.1.10,110328.0
9.3.1.11,131676.0
9.3.1.12,233654.0
9.3.1.13,350429.0
9.3.1.14,437494.0
9.3.1.15,480145.0
9.3.1.16,627297.0
9.3.1.17,4195.0
9.3.1.18,4195.0
9.3.1.19,5430.0
9.3.1.2,9752.0
9.3.1.20,5430.0
9.3.1.21,5430.0
9.3.1.22,6565.0
9.3.1.3,10887.0
9.3.1.4,13947.0
9.3.1.5,21647.0
9.3.1.6,30151.0
9.3.1.7,39745.0
9.3.1.8,72241.0
9.3.1.9,90800.0
9.3.2.1,385.0
9.3.2.10,53455.0
9.3.2.11,64115.0
9.3.2.12,115745.0
9.3.2.13,177420.0
9.3.2.14,218390.0
9.3.2.15,238355.0
9.3.2.16,311605.0
9.3.2.2,1235.0
9.3.2.3,1825.0
9.3.2.4,3160.0
9.3.2.5,8390.0
9.3.2.6,12885.0
9.3.2.7,17325.0
9.3.2.8,34060.0
9.3.2.9,43485.0
9.4.1.1,113950.0
9.4.1.10,738371.0
9.4.1.11,1031940.0
9.4.1.12,1249889.0
9.4.1.13,1512654.0
9.4.1.14,1851082.0
9.4.1.15,2155475.0
9.4.1.2,122545.0
9.4.1.3,132375.0
9.4.1.4,168335.0
9.4.1.5,147050.0
9.4.1.6,152643.0
9.4.1.7,351903.0
9.4.1.8,423697.0
9.4.1.9,484965.0
9.4.2.1,10854.0
9.4.2.10,234330.0
9.4.2.11,387200.0
9.4.2.12,502130.0
9.4.2.13,599080.0
9.4.2.14,704870.0
9.4.2.15,819700.0
9.4.2.2,17670.0
9.4.2.3,25684.0
9.4.2.4,60417.0
9.4.2.5,78859.0
9.4.2.6,84722.0
9.4.2.7,140160.0
9.4.2.8,169415.0
9.4.2.9,195390.0
9.5.1.1,74832.0
9.5.1.10,621087.0
9.5.1.11,746572.0
9.5.1.12,828139.0
9.5.1.13,820265.0
9.5.1.14,1042319.0
9.5.1.15,1148465.0
9.5.1.16,1256356.0
9.5.1.2,86752.0
9.5.1.3,97082.0
9.5.1.4,106022.0
9.5.1.5,166267.0
9.5.1.6,197957.0
9.5.1.7,211167.0
9.5.1.8,495847.0
9.5.1.9,555992.0
9.5.2.1,4270.0
9.5.2.10,232240.0
9.5.2.11,293330.0
9.5.2.12,354925.0
9.5.2.13,442630.0
9.5.2.14,494580.0
9.5.2.15,546385.0
9.5.2.16,598335.0
9.5.2.2,12565.0
9.5.2.3,19815.0
9.5.2.4,27365.0
9.5.2.5,70975.0
9.5.2.6,98785.0
9.5.2.7,110905.0
9.5.2.8,214560.0
9.5.2.9,223400.0
9.6.1.1,15055.0
9.6.1.2,15055.0
9.6.1.3,21225.0
9.6.1.4,21225.0
9.6.1.5,35905.0
9.6.1.6,35905.0
9.6.1.7,72230.0
9.6.1.8,72230.0
9.6.1.9,90420.0
9.7.1.1,657995.0
9.7.1.10,2816463.0
9.7.1.11,3231553.0
9.7.1.12,3646643.0
9.7.1.13,144960.0
9.7.1.14,181160.0
9.7.1.15,226480.0
9.7.1.16,283355.0
9.7.1.17,283355.0
9.7.1.18,354205.0
9.7.1.19,442535.0
9.7.1.2,741013.0
9.7.1.3,948558.0
9.7.1.4,1156103.0
9.7.1.5,1363648.0
9.7.1.6,1571193.0
9.7.1.7,1986283.0
9.7.1.8,2193828.0
9.7.1.9,2401373.0
9.7.2.1,285975.0
9.7.2.10,1122885.0
9.7.2.11,1588050.0
9.7.2.12,2052970.0
9.7.2.13,2135500.0
9.7.2.14,2187920.0
9.7.2.15,16635.0
9.7.2.16,20830.0
9.7.2.17,25815.0
9.7.2.18,32480.0
9.7.2.19,40525.0
9.7.2.2,362265.0
9.7.2.20,50640.0
9.7.2.21,63425.0
9.7.2.22,79270.0
9.7.2.23,98965.0
9.7.2.24,158205.0
9.7.2.3,400805.0
9.7.2.4,439000.0
9.7.2.5,768175.0
9.7.2.6,823310.0
9.7.2.7,878000.0
9.7.2.8,740995.0
9.7.2.9,1087890.0
9.7.3.1,23509.0
9.7.3.10,685338.0
9.7.3.11,744348.0
9.7.3.12,840010.0
9.7.3.13,3850.0
9.7.3.14,3850.0
9.7.3.15,4985.0
9.7.3.16,5430.0
9.7.3.17,6020.0
9.7.3.18,6565.0
9.7.3.19,8390.0
9.7.3.2,44792.0
9.7.3.20,10315.0
9.7.3.21,13130.0
9.7.3.22,16535.0
9.7.3.23,84010.0
9.7.3.24,126360.0
9.7.3.3,67047.0
9.7.3.4,201535.0
9.7.3.5,233510.0
9.7.3.6,371104.0
9.7.3.7,441560.0
9.7.3.8,510566.0
9.7.3.9,606228.0
9.9.9.5,129215.0
